Date,Currency_Name,ARIMA_Prediction
2021-08-25,Aave,400.3456423703751
2021-08-26,Aave,401.06143187830196
2021-08-27,Aave,402.0191128363949
2021-08-28,Aave,400.1760327571551
2021-08-29,Aave,401.545645547393
2021-08-30,Aave,401.44285852305643
2021-08-31,Aave,401.6434631497389
2021-09-01,Aave,401.18293778251405
2021-09-02,Aave,401.6708102904326
2021-09-03,Aave,401.3398291224723
2021-09-04,Aave,401.4651713070894
2021-09-05,Aave,401.32137845173054
2021-09-06,Aave,401.48902146320745
2021-09-07,Aave,401.3451097105981
2021-09-08,Aave,401.4465186558161
2021-09-09,Aave,401.38267184988206
2021-09-10,Aave,401.44471146188187
2021-09-11,Aave,401.386402107059
2021-09-12,Aave,401.4333226300334
2021-09-13,Aave,401.39805373965186
2021-09-14,Aave,401.42466608543356
2021-09-15,Aave,401.400931826144
2021-09-16,Aave,401.42135816379505
2021-09-17,Aave,401.4050620346116
2021-09-18,Aave,401.4178738565915
2021-09-19,Aave,401.40760955464833
2021-09-20,Aave,401.4163572859823
2021-09-21,Aave,401.40908914836933
2021-09-22,Aave,401.41492706821975
2021-09-23,Aave,401.4102293416059
2021-08-25,Algorand,1.1206110753411878
2021-08-26,Algorand,1.1202528683780961
2021-08-27,Algorand,1.1182042487632293
2021-08-28,Algorand,1.1180495899817837
2021-08-29,Algorand,1.1211845582894653
2021-08-30,Algorand,1.1232685289941227
2021-08-31,Algorand,1.123206577192375
2021-09-01,Algorand,1.123624409004538
2021-09-02,Algorand,1.1236884731668593
2021-09-03,Algorand,1.1232344920806259
2021-09-04,Algorand,1.1229227057154039
2021-09-05,Algorand,1.1229553697737773
2021-09-06,Algorand,1.122872873467657
2021-09-07,Algorand,1.1228597939626734
2021-09-08,Algorand,1.1229244237807765
2021-09-09,Algorand,1.1229721098721834
2021-09-10,Algorand,1.1229624168148882
2021-09-11,Algorand,1.1229785751281212
2021-09-12,Algorand,1.1229804307071332
2021-09-13,Algorand,1.1229715695649487
2021-09-14,Algorand,1.1229639982131228
2021-09-15,Algorand,1.1229664605995113
2021-09-16,Algorand,1.1229632694856715
2021-09-17,Algorand,1.1229631575062824
2021-09-18,Algorand,1.122964274168757
2021-09-19,Algorand,1.1229655459258787
2021-09-20,Algorand,1.1229649578908316
2021-09-21,Algorand,1.1229656006613404
2021-09-22,Algorand,1.1229655559760383
2021-09-23,Algorand,1.1229654437025276
2021-08-25,Avalanche,47.98785429681136
2021-08-26,Avalanche,48.98050752143529
2021-08-27,Avalanche,48.73325557126862
2021-08-28,Avalanche,48.10680887328138
2021-08-29,Avalanche,48.080650725865
2021-08-30,Avalanche,47.88837279452901
2021-08-31,Avalanche,47.66799339414247
2021-09-01,Avalanche,47.738216887958586
2021-09-02,Avalanche,47.709519665090745
2021-09-03,Avalanche,47.71565750217459
2021-09-04,Avalanche,47.772472265095736
2021-09-05,Avalanche,47.78317033204234
2021-09-06,Avalanche,47.79448626433646
2021-09-07,Avalanche,47.81133338586307
2021-09-08,Avalanche,47.80742471201192
2021-09-09,Avalanche,47.80648718707327
2021-09-10,Avalanche,47.80608227801109
2021-09-11,Avalanche,47.80151781098182
2021-09-12,Avalanche,47.799932095179614
2021-09-13,Avalanche,47.799275003904874
2021-09-14,Avalanche,47.7980972764968
2021-09-15,Avalanche,47.79830477053569
2021-09-16,Avalanche,47.798585642551664
2021-09-17,Avalanche,47.79866483583885
2021-09-18,Avalanche,47.799012605732734
2021-09-19,Avalanche,47.79918778458158
2021-09-20,Avalanche,47.79922878976261
2021-09-21,Avalanche,47.799302276991945
2021-09-22,Avalanche,47.79929035276617
2021-09-23,Avalanche,47.79925516514427
2021-08-25,Axie_Infinity,75.09009415081938
2021-08-26,Axie_Infinity,74.49037179329568
2021-08-27,Axie_Infinity,74.55007462054608
2021-08-28,Axie_Infinity,74.1414407740699
2021-08-29,Axie_Infinity,74.52558011349481
2021-08-30,Axie_Infinity,74.4197094414026
2021-08-31,Axie_Infinity,74.5561853743936
2021-09-01,Axie_Infinity,74.47313715791907
2021-09-02,Axie_Infinity,74.59983042185004
2021-09-03,Axie_Infinity,74.52070852961945
2021-09-04,Axie_Infinity,74.5637919699725
2021-09-05,Axie_Infinity,74.5228812116638
2021-09-06,Axie_Infinity,74.55768353059686
2021-09-07,Axie_Infinity,74.52420679947987
2021-09-08,Axie_Infinity,74.54477255472501
2021-09-09,Axie_Infinity,74.52980580799002
2021-09-10,Axie_Infinity,74.54300379365554
2021-09-11,Axie_Infinity,74.53172731325648
2021-09-12,Axie_Infinity,74.54071458660972
2021-09-13,Axie_Infinity,74.53460523516705
2021-09-14,Axie_Infinity,74.53951736553357
2021-09-15,Axie_Infinity,74.53536335360349
2021-09-16,Axie_Infinity,74.53873902965998
2021-09-17,Axie_Infinity,74.53618570026669
2021-09-18,Axie_Infinity,74.53808390135923
2021-09-19,Axie_Infinity,74.53652919886134
2021-09-20,Axie_Infinity,74.53779864306384
2021-09-21,Axie_Infinity,74.53680096052523
2021-09-22,Axie_Infinity,74.53755960409138
2021-09-23,Axie_Infinity,74.53696803421826
2021-08-25,Binance_Coin,499.1794893183291
2021-08-26,Binance_Coin,505.57639627013106
2021-08-27,Binance_Coin,505.1265078587868
2021-08-28,Binance_Coin,498.4741705651624
2021-08-29,Binance_Coin,501.28616263117215
2021-08-30,Binance_Coin,499.2056862828311
2021-08-31,Binance_Coin,498.0565845156473
2021-09-01,Binance_Coin,498.31888729952857
2021-09-02,Binance_Coin,498.9311523739304
2021-09-03,Binance_Coin,498.2275049603938
2021-09-04,Binance_Coin,498.78830208428735
2021-09-05,Binance_Coin,498.85807285409675
2021-09-06,Binance_Coin,498.79764312377984
2021-09-07,Binance_Coin,498.7856447759371
2021-09-08,Binance_Coin,498.90875449946236
2021-09-09,Binance_Coin,498.7888649154547
2021-09-10,Binance_Coin,498.8139459697125
2021-09-11,Binance_Coin,498.8185206324747
2021-09-12,Binance_Coin,498.8088898715953
2021-09-13,Binance_Coin,498.7932683435773
2021-09-14,Binance_Coin,498.81474415388993
2021-09-15,Binance_Coin,498.8035093807521
2021-09-16,Binance_Coin,498.8055728974718
2021-09-17,Binance_Coin,498.8078034730455
2021-09-18,Binance_Coin,498.8089918221671
2021-09-19,Binance_Coin,498.8057901197652
2021-09-20,Binance_Coin,498.80864348073646
2021-09-21,Binance_Coin,498.80754824219457
2021-09-22,Binance_Coin,498.8073787250505
2021-09-23,Binance_Coin,498.8074008993783
2021-08-25,Binance_Usd,0.9994762209326274
2021-08-26,Binance_Usd,0.9995258898362821
2021-08-27,Binance_Usd,0.9994789297052836
2021-08-28,Binance_Usd,0.9994824636955797
2021-08-29,Binance_Usd,0.9995080911076992
2021-08-30,Binance_Usd,0.9994997849735219
2021-08-31,Binance_Usd,0.9994968817404125
2021-09-01,Binance_Usd,0.9994987372676838
2021-09-02,Binance_Usd,0.9994959615838637
2021-09-03,Binance_Usd,0.9994964967939082
2021-09-04,Binance_Usd,0.9994981531709347
2021-09-05,Binance_Usd,0.9994977809285097
2021-09-06,Binance_Usd,0.9994975241935581
2021-09-07,Binance_Usd,0.9994975279144312
2021-09-08,Binance_Usd,0.9994973624366938
2021-09-09,Binance_Usd,0.9994974218513194
2021-09-10,Binance_Usd,0.999497539027075
2021-09-11,Binance_Usd,0.9994975248785795
2021-09-12,Binance_Usd,0.9994975014684606
2021-09-13,Binance_Usd,0.9994974926237818
2021-09-14,Binance_Usd,0.9994974822384713
2021-09-15,Binance_Usd,0.9994974884128297
2021-09-16,Binance_Usd,0.9994974974116883
2021-09-17,Binance_Usd,0.9994974971501585
2021-09-18,Binance_Usd,0.999497494958429
2021-09-19,Binance_Usd,0.9994974936320107
2021-09-20,Binance_Usd,0.9994974929390742
2021-09-21,Binance_Usd,0.9994974935612129
2021-09-22,Binance_Usd,0.999497494302378
2021-09-23,Binance_Usd,0.9994974943311444
2021-08-25,Bitcoin,49749.06341977143
2021-08-26,Bitcoin,49796.09005464794
2021-08-27,Bitcoin,49807.60173441505
2021-08-28,Bitcoin,49813.860278014006
2021-08-29,Bitcoin,49813.33313809044
2021-08-30,Bitcoin,49816.07444776789
2021-08-31,Bitcoin,49816.03670934355
2021-09-01,Bitcoin,49816.29075028535
2021-09-02,Bitcoin,49816.31185653257
2021-09-03,Bitcoin,49816.422901632606
2021-09-04,Bitcoin,49816.39878252159
2021-09-05,Bitcoin,49816.41768735699
2021-09-06,Bitcoin,49816.417860505404
2021-09-07,Bitcoin,49816.42153551386
2021-09-08,Bitcoin,49816.42019799246
2021-09-09,Bitcoin,49816.42142251078
2021-09-10,Bitcoin,49816.42122630427
2021-09-11,Bitcoin,49816.42138297818
2021-09-12,Bitcoin,49816.42133155992
2021-09-13,Bitcoin,49816.42139145411
2021-09-14,Bitcoin,49816.421371837976
2021-09-15,Bitcoin,49816.42138213335
2021-09-16,Bitcoin,49816.42137947427
2021-09-17,Bitcoin,49816.421381998
2021-09-18,Bitcoin,49816.421380838845
2021-09-19,Bitcoin,49816.42138151315
2021-09-20,Bitcoin,49816.42138130817
2021-09-21,Bitcoin,49816.42138142709
2021-09-22,Bitcoin,49816.421381370805
2021-09-23,Bitcoin,49816.42138140787
2021-08-25,Bitcoin_Bep2,46068.28153652053
2021-08-26,Bitcoin_Bep2,46463.500273956066
2021-08-27,Bitcoin_Bep2,46396.41017464411
2021-08-28,Bitcoin_Bep2,46352.07668231162
2021-08-29,Bitcoin_Bep2,46366.10217535924
2021-08-30,Bitcoin_Bep2,46447.07396982812
2021-08-31,Bitcoin_Bep2,46386.09855932544
2021-09-01,Bitcoin_Bep2,46396.22678406413
2021-09-02,Bitcoin_Bep2,46403.410086915566
2021-09-03,Bitcoin_Bep2,46405.04169314989
2021-09-04,Bitcoin_Bep2,46391.008665534384
2021-09-05,Bitcoin_Bep2,46400.5040185152
2021-09-06,Bitcoin_Bep2,46399.04418165699
2021-09-07,Bitcoin_Bep2,46398.088927178185
2021-09-08,Bitcoin_Bep2,46397.247843501136
2021-09-09,Bitcoin_Bep2,46399.657186507204
2021-09-10,Bitcoin_Bep2,46398.17406965746
2021-09-11,Bitcoin_Bep2,46398.38721163887
2021-09-12,Bitcoin_Bep2,46398.48413154915
2021-09-13,Bitcoin_Bep2,46398.7074418813
2021-09-14,Bitcoin_Bep2,46398.29684161247
2021-09-15,Bitcoin_Bep2,46398.528952383094
2021-09-16,Bitcoin_Bep2,46398.495849267405
2021-09-17,Bitcoin_Bep2,46398.492411978026
2021-09-18,Bitcoin_Bep2,46398.442878485504
2021-09-19,Bitcoin_Bep2,46398.512413135635
2021-09-20,Bitcoin_Bep2,46398.47595081967
2021-09-21,Bitcoin_Bep2,46398.48158266663
2021-09-22,Bitcoin_Bep2,46398.47978785212
2021-09-23,Bitcoin_Bep2,46398.489885095725
2021-08-25,Bitcoin_Cash,672.9151974331053
2021-08-26,Bitcoin_Cash,673.8080235435384
2021-08-27,Bitcoin_Cash,672.4673523526692
2021-08-28,Bitcoin_Cash,673.4616581456892
2021-08-29,Bitcoin_Cash,673.1690181818489
2021-08-30,Bitcoin_Cash,672.9834729429598
2021-08-31,Bitcoin_Cash,673.2244310563457
2021-09-01,Bitcoin_Cash,673.0894256834973
2021-09-02,Bitcoin_Cash,673.1155709328702
2021-09-03,Bitcoin_Cash,673.1501757038479
2021-09-04,Bitcoin_Cash,673.1111613944687
2021-09-05,Bitcoin_Cash,673.1298092423573
2021-09-06,Bitcoin_Cash,673.1287231663774
2021-09-07,Bitcoin_Cash,673.122307137583
2021-09-08,Bitcoin_Cash,673.1282710839599
2021-09-09,Bitcoin_Cash,673.1258057405506
2021-09-10,Bitcoin_Cash,673.1255697799139
2021-09-11,Bitcoin_Cash,673.1267156144761
2021-09-12,Bitcoin_Cash,673.1258289217351
2021-09-13,Bitcoin_Cash,673.1261306138263
2021-09-14,Bitcoin_Cash,673.1262237488486
2021-09-15,Bitcoin_Cash,673.1260285945042
2021-09-16,Bitcoin_Cash,673.1261573650432
2021-09-17,Bitcoin_Cash,673.1261243462883
2021-09-18,Bitcoin_Cash,673.1261018292901
2021-09-19,Bitcoin_Cash,673.1261337422295
2021-09-20,Bitcoin_Cash,673.1261155871751
2021-09-21,Bitcoin_Cash,673.1261185078216
2021-09-22,Bitcoin_Cash,673.1261231251729
2021-09-23,Bitcoin_Cash,673.1261180754458
2021-08-25,Bitcoin_Sv,166.39438260011588
2021-08-26,Bitcoin_Sv,166.17830229712305
2021-08-27,Bitcoin_Sv,166.2979015149422
2021-08-28,Bitcoin_Sv,166.28629482917913
2021-08-29,Bitcoin_Sv,166.27646089288575
2021-08-30,Bitcoin_Sv,166.2744359525889
2021-08-31,Bitcoin_Sv,166.2737384132155
2021-09-01,Bitcoin_Sv,166.27651866679295
2021-09-02,Bitcoin_Sv,166.27567486938372
2021-09-03,Bitcoin_Sv,166.27553907124695
2021-09-04,Bitcoin_Sv,166.27541263469448
2021-09-05,Bitcoin_Sv,166.27552041499519
2021-09-06,Bitcoin_Sv,166.2755485142781
2021-09-07,Bitcoin_Sv,166.27552584044548
2021-09-08,Bitcoin_Sv,166.27551914863818
2021-09-09,Bitcoin_Sv,166.27551952391786
2021-09-10,Bitcoin_Sv,166.27552339041335
2021-09-11,Bitcoin_Sv,166.27552304992898
2021-09-12,Bitcoin_Sv,166.27552238725644
2021-09-13,Bitcoin_Sv,166.2755222245614
2021-09-14,Bitcoin_Sv,166.2755223768393
2021-09-15,Bitcoin_Sv,166.2755224530436
2021-09-16,Bitcoin_Sv,166.27552242093097
2021-09-17,Bitcoin_Sv,166.2755224012777
2021-09-18,Bitcoin_Sv,166.27552240242875
2021-09-19,Bitcoin_Sv,166.27552240883975
2021-09-20,Bitcoin_Sv,166.27552240934227
2021-09-21,Bitcoin_Sv,166.27552240795592
2021-09-22,Bitcoin_Sv,166.27552240754676
2021-09-23,Bitcoin_Sv,166.2755224077977
2021-08-25,Bittorrent,0.004424977224799512
2021-08-26,Bittorrent,0.004423529443929681
2021-08-27,Bittorrent,0.004447205560717683
2021-08-28,Bittorrent,0.00442886661602018
2021-08-29,Bittorrent,0.0044343276760189605
2021-08-30,Bittorrent,0.0044320998138028195
2021-08-31,Bittorrent,0.004436852095143526
2021-09-01,Bittorrent,0.004431885325640311
2021-09-02,Bittorrent,0.00443476014847263
2021-09-03,Bittorrent,0.00443328321280113
2021-09-04,Bittorrent,0.004434634855618992
2021-09-05,Bittorrent,0.004433277284182699
2021-09-06,Bittorrent,0.00443429189974333
2021-09-07,Bittorrent,0.004433650230633127
2021-09-08,Bittorrent,0.004434122883034042
2021-09-09,Bittorrent,0.004433713036526749
2021-09-10,Bittorrent,0.004434042718324983
2021-09-11,Bittorrent,0.00443380691501369
2021-09-12,Bittorrent,0.004433977283050647
2021-09-13,Bittorrent,0.004433842813422041
2021-09-14,Bittorrent,0.004433950216204744
2021-09-15,Bittorrent,0.004433868972300129
2021-09-16,Bittorrent,0.004433929013618556
2021-09-17,Bittorrent,0.004433883249346798
2021-09-18,Bittorrent,0.004433918974483567
2021-09-19,Bittorrent,0.004433891500355922
2021-09-20,Bittorrent,0.004433912216407846
2021-09-21,Bittorrent,0.004433896522670404
2021-09-22,Bittorrent,0.004433908588318655
2021-09-23,Bittorrent,0.004433899307128947
2021-08-25,Cardano,2.886902267933832
2021-08-26,Cardano,2.8816240760379896
2021-08-27,Cardano,2.8818918682579135
2021-08-28,Cardano,2.8725690402604247
2021-08-29,Cardano,2.873575611916409
2021-08-30,Cardano,2.8730172746906275
2021-08-31,Cardano,2.87422198574994
2021-09-01,Cardano,2.8735440759146424
2021-09-02,Cardano,2.8741643071753424
2021-09-03,Cardano,2.873908071338692
2021-09-04,Cardano,2.8741134579536416
2021-09-05,Cardano,2.8739419812629547
2021-09-06,Cardano,2.874048806601549
2021-09-07,Cardano,2.8739730537610466
2021-09-08,Cardano,2.8740213913671404
2021-09-09,Cardano,2.8739862857883858
2021-09-10,Cardano,2.8740111467827005
2021-09-11,Cardano,2.873994597078158
2021-09-12,Cardano,2.874006088356068
2021-09-13,Cardano,2.873998220121805
2021-09-14,Cardano,2.874003705577538
2021-09-15,Cardano,2.8739999207748914
2021-09-16,Cardano,2.8740025084683456
2021-09-17,Cardano,2.87400071859635
2021-09-18,Cardano,2.8740019523100164
2021-09-19,Cardano,2.874001100557936
2021-09-20,Cardano,2.874001687332122
2021-09-21,Cardano,2.8740012833738153
2021-09-22,Cardano,2.8740015621710633
2021-09-23,Cardano,2.874001369984295
2021-08-25,Chainlink,28.197045593755153
2021-08-26,Chainlink,28.277331310770244
2021-08-27,Chainlink,28.27923930502134
2021-08-28,Chainlink,28.22060388780004
2021-08-29,Chainlink,28.245265169937845
2021-08-30,Chainlink,28.25147974254019
2021-08-31,Chainlink,28.245823828058974
2021-09-01,Chainlink,28.24329360222616
2021-09-02,Chainlink,28.250015946062817
2021-09-03,Chainlink,28.24682941679656
2021-09-04,Chainlink,28.24703438307252
2021-09-05,Chainlink,28.247031607241073
2021-09-06,Chainlink,28.247720307596357
2021-09-07,Chainlink,28.246795375071585
2021-09-08,Chainlink,28.247313773295964
2021-09-09,Chainlink,28.24712400368008
2021-09-10,Chainlink,28.247250383414567
2021-09-11,Chainlink,28.247089105448325
2021-09-12,Chainlink,28.247244656117857
2021-09-13,Chainlink,28.24714475853845
2021-09-14,Chainlink,28.247201145740586
2021-09-15,Chainlink,28.247160440846756
2021-09-16,Chainlink,28.247197162558468
2021-09-17,Chainlink,28.247166743353624
2021-09-18,Chainlink,28.24718789229278
2021-09-19,Chainlink,28.247173806479356
2021-09-20,Chainlink,28.247184192654615
2021-09-21,Chainlink,28.247175857279487
2021-09-22,Chainlink,28.247182331072082
2021-09-23,Chainlink,28.247177654217314
2021-08-25,Cosmos,21.31452027369946
2021-08-26,Cosmos,20.78366102882994
2021-08-27,Cosmos,20.864818692940688
2021-08-28,Cosmos,20.78712490507659
2021-08-29,Cosmos,20.88013450286035
2021-08-30,Cosmos,20.823250880831303
2021-08-31,Cosmos,20.912689823977626
2021-09-01,Cosmos,20.886248920103178
2021-09-02,Cosmos,20.909775623228214
2021-09-03,Cosmos,20.893328870978767
2021-09-04,Cosmos,20.90765578325913
2021-09-05,Cosmos,20.89192978263399
2021-09-06,Cosmos,20.899052298937946
2021-09-07,Cosmos,20.893428047544738
2021-09-08,Cosmos,20.89691343732948
2021-09-09,Cosmos,20.893687845250316
2021-09-10,Cosmos,20.896620891142557
2021-09-11,Cosmos,20.89490702248427
2021-09-12,Cosmos,20.896166238898385
2021-09-13,Cosmos,20.895374536595853
2021-09-14,Cosmos,20.896073415356177
2021-09-15,Cosmos,20.89549609002188
2021-09-16,Cosmos,20.895883908420288
2021-09-17,Cosmos,20.895607602988623
2021-09-18,Cosmos,20.89578888643214
2021-09-19,Cosmos,20.895638833077292
2021-09-20,Cosmos,20.8957570254893
2021-09-21,Cosmos,20.895671994824813
2021-09-22,Cosmos,20.89573223193258
2021-09-23,Cosmos,20.89569118971582
2021-08-25,Crypto.Com_Coin,0.16074812531368798
2021-08-26,Crypto.Com_Coin,0.16095925368853334
2021-08-27,Crypto.Com_Coin,0.16112911969063817
2021-08-28,Crypto.Com_Coin,0.16120390929207748
2021-08-29,Crypto.Com_Coin,0.16122494132449905
2021-08-30,Crypto.Com_Coin,0.16123228290717947
2021-08-31,Crypto.Com_Coin,0.16124362072545417
2021-09-01,Crypto.Com_Coin,0.16124799625489916
2021-09-02,Crypto.Com_Coin,0.1612494748378859
2021-09-03,Crypto.Com_Coin,0.1612503192217254
2021-09-04,Crypto.Com_Coin,0.16125085520371227
2021-09-05,Crypto.Com_Coin,0.16125116793083763
2021-09-06,Crypto.Com_Coin,0.16125127306775994
2021-09-07,Crypto.Com_Coin,0.16125133024626134
2021-09-08,Crypto.Com_Coin,0.16125136627387754
2021-09-09,Crypto.Com_Coin,0.16125138396835428
2021-09-10,Crypto.Com_Coin,0.16125139219922777
2021-09-11,Crypto.Com_Coin,0.16125139598429125
2021-09-12,Crypto.Com_Coin,0.16125139825339727
2021-09-13,Crypto.Com_Coin,0.16125139942035072
2021-09-14,Crypto.Com_Coin,0.16125139995229626
2021-09-15,Crypto.Com_Coin,0.16125140022334133
2021-09-16,Crypto.Com_Coin,0.16125140036598623
2021-09-17,Crypto.Com_Coin,0.1612514004415048
2021-09-18,Crypto.Com_Coin,0.1612514004776009
2021-09-19,Crypto.Com_Coin,0.16125140049545653
2021-09-20,Crypto.Com_Coin,0.1612514005049604
2021-09-21,Crypto.Com_Coin,0.16125140050979547
2021-09-22,Crypto.Com_Coin,0.16125140051220666
2021-09-23,Crypto.Com_Coin,0.16125140051340292
2021-08-25,Dai,1.0003444787205993
2021-08-26,Dai,1.000176318875015
2021-08-27,Dai,1.0002518063154415
2021-08-28,Dai,1.0002268966518673
2021-08-29,Dai,1.000265294760453
2021-08-30,Dai,1.0002519297296837
2021-08-31,Dai,1.0002557712712625
2021-09-01,Dai,1.0002469798411997
2021-09-02,Dai,1.000251780501923
2021-09-03,Dai,1.0002502335045502
2021-09-04,Dai,1.0002520008673574
2021-09-05,Dai,1.0002508966328212
2021-09-06,Dai,1.0002513623244018
2021-09-07,Dai,1.0002509259571
2021-09-08,Dai,1.000251210991635
2021-09-09,Dai,1.0002510839989533
2021-09-10,Dai,1.000251184358171
2021-09-11,Dai,1.000251114199585
2021-09-12,Dai,1.0002511495713047
2021-09-13,Dai,1.0002511247493007
2021-09-14,Dai,1.000251141938533
2021-09-15,Dai,1.000251132677297
2021-09-16,Dai,1.0002511388251865
2021-09-17,Dai,1.0002511345702751
2021-09-18,Dai,1.0002511369910245
2021-09-19,Dai,1.0002511354493642
2021-09-20,Dai,1.0002511364983158
2021-09-21,Dai,1.0002511358768122
2021-09-22,Dai,1.0002511362663171
2021-09-23,Dai,1.0002511360056652
2021-08-25,Dash,269.20061310788543
2021-08-26,Dash,269.11418541174794
2021-08-27,Dash,268.5403134416875
2021-08-28,Dash,268.83999958175593
2021-08-29,Dash,268.81336668745615
2021-08-30,Dash,268.7831733804615
2021-08-31,Dash,268.8260709607496
2021-09-01,Dash,268.80171595694935
2021-09-02,Dash,268.805369557839
2021-09-03,Dash,268.80909931524405
2021-09-04,Dash,268.8051820111535
2021-09-05,Dash,268.80716428350246
2021-09-06,Dash,268.8068711376548
2021-09-07,Dash,268.80650583051585
2021-09-08,Dash,268.8068646666366
2021-09-09,Dash,268.80669780348717
2021-09-10,Dash,268.8067175087186
2021-09-11,Dash,268.8067525464633
2021-09-12,Dash,268.8067202181698
2021-09-13,Dash,268.8067343818363
2021-09-14,Dash,268.80673322675034
2021-09-15,Dash,268.8067298762621
2021-09-16,Dash,268.806732765318
2021-09-17,Dash,268.80673156780506
2021-09-18,Dash,268.806731618305
2021-09-19,Dash,268.80673193668764
2021-09-20,Dash,268.8067316795906
2021-09-21,Dash,268.80673178017037
2021-09-22,Dash,268.8067317802724
2021-09-23,Dash,268.80673175024214
2021-08-25,Dogecoin,0.3104225881433838
2021-08-26,Dogecoin,0.3139414318432324
2021-08-27,Dogecoin,0.3107769456050821
2021-08-28,Dogecoin,0.3107110716697488
2021-08-29,Dogecoin,0.312104880844253
2021-08-30,Dogecoin,0.3109641449253808
2021-08-31,Dogecoin,0.31037161445660966
2021-09-01,Dogecoin,0.31128231836901754
2021-09-02,Dogecoin,0.31099144455196115
2021-09-03,Dogecoin,0.3106935886176415
2021-09-04,Dogecoin,0.3110828137904488
2021-09-05,Dogecoin,0.3111164558461498
2021-09-06,Dogecoin,0.3108880331667636
2021-09-07,Dogecoin,0.31103691299061664
2021-09-08,Dogecoin,0.3110753277918944
2021-09-09,Dogecoin,0.3109634122598537
2021-09-10,Dogecoin,0.31099033883642374
2021-09-11,Dogecoin,0.31103782252344214
2021-09-12,Dogecoin,0.31098477326746843
2021-09-13,Dogecoin,0.3109893587914028
2021-09-14,Dogecoin,0.3110166920732289
2021-09-15,Dogecoin,0.31100087052472547
2021-09-16,Dogecoin,0.3109940753417394
2021-09-17,Dogecoin,0.31100967344801084
2021-09-18,Dogecoin,0.3110041364379873
2021-09-19,Dogecoin,0.3109987913137356
2021-09-20,Dogecoin,0.3110046517906694
2021-09-21,Dogecoin,0.3110044921301122
2021-09-22,Dogecoin,0.3110005969011393
2021-09-23,Dogecoin,0.311003113929176
2021-08-25,Elrond,146.8599061383792
2021-08-26,Elrond,146.79944413343782
2021-08-27,Elrond,146.7403324485802
2021-08-28,Elrond,146.64684035413552
2021-08-29,Elrond,146.65341803153936
2021-08-30,Elrond,146.6479626400858
2021-08-31,Elrond,146.64498654029703
2021-09-01,Elrond,146.64212732401134
2021-09-02,Elrond,146.64353783958106
2021-09-03,Elrond,146.64288520034015
2021-09-04,Elrond,146.6429249693433
2021-09-05,Elrond,146.64284349455247
2021-09-06,Elrond,146.64293219606364
2021-09-07,Elrond,146.6428775565877
2021-09-08,Elrond,146.64289624759718
2021-09-09,Elrond,146.64288972534652
2021-09-10,Elrond,146.64289479272801
2021-09-11,Elrond,146.6428911186465
2021-09-12,Elrond,146.64289304630225
2021-09-13,Elrond,146.64289227516525
2021-09-14,Elrond,146.64289266125178
2021-09-15,Elrond,146.6428924152215
2021-09-16,Elrond,146.6428925657836
2021-09-17,Elrond,146.6428924913485
2021-09-18,Elrond,146.64289252655962
2021-09-19,Elrond,146.64289250772651
2021-09-20,Elrond,146.6428925189055
2021-09-21,Elrond,146.64289251272007
2021-09-22,Elrond,146.64289251585507
2021-09-23,Elrond,146.64289251426442
2021-08-25,Eos,5.531651885911504
2021-08-26,Eos,5.5158165226817095
2021-08-27,Eos,5.507746430830309
2021-08-28,Eos,5.523884480455927
2021-08-29,Eos,5.513568725462748
2021-08-30,Eos,5.518453983955099
2021-08-31,Eos,5.517528533087399
2021-09-01,Eos,5.516233735693734
2021-09-02,Eos,5.5178463314466475
2021-09-03,Eos,5.516777760568687
2021-09-04,Eos,5.517242060674899
2021-09-05,Eos,5.517211060430833
2021-09-06,Eos,5.517050985662449
2021-09-07,Eos,5.517221572682759
2021-09-08,Eos,5.5171134327395155
2021-09-09,Eos,5.517154602043356
2021-09-10,Eos,5.517156992787106
2021-09-11,Eos,5.517138030276606
2021-09-12,Eos,5.517156127905327
2021-09-13,Eos,5.517145453530571
2021-09-14,Eos,5.517148944601499
2021-09-15,Eos,5.517149728879254
2021-09-16,Eos,5.5171475359464885
2021-09-17,Eos,5.517149433267668
2021-09-18,Eos,5.5171483996850466
2021-09-19,Eos,5.517148678752695
2021-09-20,Eos,5.5171488133029385
2021-09-21,Eos,5.517148565273594
2021-09-22,Eos,5.517148761512173
2021-09-23,Eos,5.517148663260983
2021-08-25,Ethereum,3324.330740535476
2021-08-26,Ethereum,3335.611741794784
2021-08-27,Ethereum,3337.49844549561
2021-08-28,Ethereum,3331.0226498866173
2021-08-29,Ethereum,3331.1006344489497
2021-08-30,Ethereum,3331.625903106763
2021-08-31,Ethereum,3330.359197481002
2021-09-01,Ethereum,3329.992223714726
2021-09-02,Ethereum,3330.5543847799095
2021-09-03,Ethereum,3330.4271855828806
2021-09-04,Ethereum,3330.363974518829
2021-09-05,Ethereum,3330.4784427923073
2021-09-06,Ethereum,3330.5237238447016
2021-09-07,Ethereum,3330.4658438767938
2021-09-08,Ethereum,3330.4904061694006
2021-09-09,Ethereum,3330.4957006892287
2021-09-10,Ethereum,3330.487371851418
2021-09-11,Ethereum,3330.4818033738134
2021-09-12,Ethereum,3330.4889195039896
2021-09-13,Ethereum,3330.485063294312
2021-09-14,Ethereum,3330.4851085688056
2021-09-15,Ethereum,3330.4853896206178
2021-09-16,Ethereum,3330.4862140652717
2021-09-17,Ethereum,3330.485211391307
2021-09-18,Ethereum,3330.4858164866364
2021-09-19,Ethereum,3330.4856715494384
2021-09-20,Ethereum,3330.485745851753
2021-09-21,Ethereum,3330.485598559339
2021-09-22,Ethereum,3330.485755464461
2021-09-23,Ethereum,3330.4856541118356
2021-08-25,Ethereum_Classic,66.93909063979937
2021-08-26,Ethereum_Classic,66.96868181348637
2021-08-27,Ethereum_Classic,66.87224123204133
2021-08-28,Ethereum_Classic,66.9164596718922
2021-08-29,Ethereum_Classic,66.961621746401
2021-08-30,Ethereum_Classic,66.95694203301431
2021-08-31,Ethereum_Classic,66.96660309612537
2021-09-01,Ethereum_Classic,66.96970794541116
2021-09-02,Ethereum_Classic,66.96623055182874
2021-09-03,Ethereum_Classic,66.96534524210622
2021-09-04,Ethereum_Classic,66.96484847652958
2021-09-05,Ethereum_Classic,66.96407269372753
2021-09-06,Ethereum_Classic,66.96404612524852
2021-09-07,Ethereum_Classic,66.96414211955826
2021-09-08,Ethereum_Classic,66.96416843700018
2021-09-09,Ethereum_Classic,66.96423632394058
2021-09-10,Ethereum_Classic,66.96427536346042
2021-09-11,Ethereum_Classic,66.96427863669882
2021-09-12,Ethereum_Classic,66.96427975542217
2021-09-13,Ethereum_Classic,66.96427710528909
2021-09-14,Ethereum_Classic,66.96427257615026
2021-09-15,Ethereum_Classic,66.96427064262525
2021-09-16,Ethereum_Classic,66.96426993507944
2021-09-17,Ethereum_Classic,66.96426966366381
2021-09-18,Ethereum_Classic,66.96426986110735
2021-09-19,Ethereum_Classic,66.964270090079
2021-09-20,Ethereum_Classic,66.96427021103224
2021-09-21,Ethereum_Classic,66.96427028250028
2021-09-22,Ethereum_Classic,66.96427030365936
2021-09-23,Ethereum_Classic,66.96427029529399
2021-08-25,Filecoin,79.50582047829798
2021-08-26,Filecoin,79.76725186041466
2021-08-27,Filecoin,80.06484014297168
2021-08-28,Filecoin,80.06007818910793
2021-08-29,Filecoin,80.06035494042922
2021-08-30,Filecoin,80.21299679419162
2021-08-31,Filecoin,80.28050534551785
2021-09-01,Filecoin,80.30380431261767
2021-09-02,Filecoin,80.29509587372091
2021-09-03,Filecoin,80.31641506683036
2021-09-04,Filecoin,80.3416829606554
2021-09-05,Filecoin,80.351016687446
2021-09-06,Filecoin,80.35023555686698
2021-09-07,Filecoin,80.3515458154947
2021-09-08,Filecoin,80.3574087533284
2021-09-09,Filecoin,80.36127396604302
2021-09-10,Filecoin,80.3617501481823
2021-09-11,Filecoin,80.36153711678172
2021-09-12,Filecoin,80.36245751560874
2021-09-13,Filecoin,80.36363309563843
2021-09-14,Filecoin,80.36404480970977
2021-09-15,Filecoin,80.36397739713476
2021-09-16,Filecoin,80.36404967461573
2021-09-17,Filecoin,80.36431601464594
2021-09-18,Filecoin,80.3644933368694
2021-09-19,Filecoin,80.364508154642
2021-09-20,Filecoin,80.36449733987345
2021-09-21,Filecoin,80.36454070003137
2021-09-22,Filecoin,80.3645945699687
2021-09-23,Filecoin,80.36461236361542
2021-08-25,Ftx_Token,49.81503694559188
2021-08-26,Ftx_Token,49.49412913247969
2021-08-27,Ftx_Token,49.62210744965549
2021-08-28,Ftx_Token,49.44564266903756
2021-08-29,Ftx_Token,49.57051683280766
2021-08-30,Ftx_Token,49.49853200662819
2021-08-31,Ftx_Token,49.55469593908231
2021-09-01,Ftx_Token,49.51918493981273
2021-09-02,Ftx_Token,49.55297620748367
2021-09-03,Ftx_Token,49.530381229258964
2021-09-04,Ftx_Token,49.54682171408977
2021-09-05,Ftx_Token,49.53564454195138
2021-09-06,Ftx_Token,49.543932774555124
2021-09-07,Ftx_Token,49.53747520809469
2021-09-08,Ftx_Token,49.54210693263471
2021-09-09,Ftx_Token,49.53874124048706
2021-09-10,Ftx_Token,49.54110187514367
2021-09-11,Ftx_Token,49.53934475739791
2021-09-12,Ftx_Token,49.540645039009625
2021-09-13,Ftx_Token,49.53969222636927
2021-09-14,Ftx_Token,49.54038072473354
2021-09-15,Ftx_Token,49.53988487944978
2021-09-16,Ftx_Token,49.54024912034181
2021-09-17,Ftx_Token,49.53998195338834
2021-09-18,Ftx_Token,49.54017758770718
2021-09-19,Ftx_Token,49.54003574111973
2021-09-20,Ftx_Token,49.54013881523813
2021-09-21,Ftx_Token,49.54006351075528
2021-09-22,Ftx_Token,49.540118614981544
2021-09-23,Ftx_Token,49.54007836375291
2021-08-25,Grt,0.9827288559558462
2021-08-26,Grt,0.9821102456183588
2021-08-27,Grt,0.9798197235477828
2021-08-28,Grt,0.9822140436777655
2021-08-29,Grt,0.9833816820110314
2021-08-30,Grt,0.9841778010576514
2021-08-31,Grt,0.9842536208228048
2021-09-01,Grt,0.9843498715026969
2021-09-02,Grt,0.9842218232148611
2021-09-03,Grt,0.984175189724073
2021-09-04,Grt,0.9841255778755991
2021-09-05,Grt,0.9841217998237137
2021-09-06,Grt,0.9841161520845894
2021-09-07,Grt,0.9841231855132413
2021-09-08,Grt,0.98412509340181
2021-09-09,Grt,0.9841280416088424
2021-09-10,Grt,0.984128170505645
2021-09-11,Grt,0.9841285471855945
2021-09-12,Grt,0.9841281496596352
2021-09-13,Grt,0.9841280777637179
2021-09-14,Grt,0.9841279044964903
2021-09-15,Grt,0.9841279036161996
2021-09-16,Grt,0.984127877906779
2021-09-17,Grt,0.9841279009480469
2021-09-18,Grt,0.9841279029671435
2021-09-19,Grt,0.9841279131779562
2021-09-20,Grt,0.9841279127897345
2021-09-21,Grt,0.984127914534864
2021-09-22,Grt,0.9841279131692544
2021-09-23,Grt,0.9841279131783561
2021-08-25,Icp,62.65731477080125
2021-08-26,Icp,63.86545593156833
2021-08-27,Icp,63.27205755730117
2021-08-28,Icp,62.441667257149426
2021-08-29,Icp,63.39462118981089
2021-08-30,Icp,63.71381743251148
2021-08-31,Icp,63.085215075693554
2021-09-01,Icp,63.52997489328014
2021-09-02,Icp,64.05403012846763
2021-09-03,Icp,63.64642728889593
2021-09-04,Icp,63.62077515759621
2021-09-05,Icp,64.03675804483976
2021-09-06,Icp,63.830262162044235
2021-09-07,Icp,63.59777393794625
2021-09-08,Icp,63.82953814043008
2021-09-09,Icp,63.81220021306265
2021-09-10,Icp,63.57222491864898
2021-09-11,Icp,63.66996096101944
2021-09-12,Icp,63.75881310570566
2021-09-13,Icp,63.610803361215936
2021-09-14,Icp,63.615867944091626
2021-09-15,Icp,63.73279269000474
2021-09-16,Icp,63.67096471855857
2021-09-17,Icp,63.63075913979271
2021-09-18,Icp,63.71529123350057
2021-09-19,Icp,63.712307377377215
2021-09-20,Icp,63.65712326942015
2021-09-21,Icp,63.69823007889219
2021-09-22,Icp,63.71992411415758
2021-09-23,Icp,63.67652527035272
2021-08-25,Iota,1.1447697363999358
2021-08-26,Iota,1.1428111622482442
2021-08-27,Iota,1.133696911488723
2021-08-28,Iota,1.1348455571122573
2021-08-29,Iota,1.1350544662361486
2021-08-30,Iota,1.1357196595774905
2021-08-31,Iota,1.1364175462246207
2021-09-01,Iota,1.1372931669183743
2021-09-02,Iota,1.1371969188728142
2021-09-03,Iota,1.1371773457202983
2021-09-04,Iota,1.1370600113327938
2021-09-05,Iota,1.1369421183449493
2021-09-06,Iota,1.1368545018184657
2021-09-07,Iota,1.136860229184515
2021-09-08,Iota,1.1368652812602904
2021-09-09,Iota,1.1368845285784495
2021-09-10,Iota,1.136901301553328
2021-09-11,Iota,1.136910636534195
2021-09-12,Iota,1.1369104655265856
2021-09-13,Iota,1.1369092227519133
2021-09-14,Iota,1.1369062904061102
2021-09-15,Iota,1.136904044411872
2021-09-16,Iota,1.136902987279838
2021-09-17,Iota,1.13690298532829
2021-09-18,Iota,1.1369032373814356
2021-09-19,Iota,1.136903662428704
2021-09-20,Iota,1.1369039570981179
2021-09-21,Iota,1.1369040816971596
2021-09-22,Iota,1.136904079108909
2021-09-23,Iota,1.1369040342479482
2021-08-25,Klaytn,1.7607652538640253
2021-08-26,Klaytn,1.7762974933573252
2021-08-27,Klaytn,1.7773980854374631
2021-08-28,Klaytn,1.7715139930480288
2021-08-29,Klaytn,1.785061248196734
2021-08-30,Klaytn,1.788790206284258
2021-08-31,Klaytn,1.7849583592307472
2021-09-01,Klaytn,1.7846219630711093
2021-09-02,Klaytn,1.7874443703196183
2021-09-03,Klaytn,1.7843131329382587
2021-09-04,Klaytn,1.7833024237705857
2021-09-05,Klaytn,1.784269331460262
2021-09-06,Klaytn,1.784507633159733
2021-09-07,Klaytn,1.783492440249969
2021-09-08,Klaytn,1.7842322125899512
2021-09-09,Klaytn,1.7845069089078258
2021-09-10,Klaytn,1.78427230396965
2021-09-11,Klaytn,1.7841434847755235
2021-09-12,Klaytn,1.7844725937076313
2021-09-13,Klaytn,1.7842936597887142
2021-09-14,Klaytn,1.7842197874584427
2021-09-15,Klaytn,1.7842711999055985
2021-09-16,Klaytn,1.784328193773338
2021-09-17,Klaytn,1.784226466504896
2021-09-18,Klaytn,1.7842709113552544
2021-09-19,Klaytn,1.7842900522171876
2021-09-20,Klaytn,1.7842811253969955
2021-09-21,Klaytn,1.7842586761193846
2021-09-22,Klaytn,1.7842894122437063
2021-09-23,Klaytn,1.7842779941435964
2021-08-25,Kusama,312.84258238238374
2021-08-26,Kusama,317.00693053155146
2021-08-27,Kusama,316.0433608238652
2021-08-28,Kusama,314.7971194269918
2021-08-29,Kusama,316.0728365338227
2021-08-30,Kusama,317.6737871074696
2021-08-31,Kusama,316.64209395730165
2021-09-01,Kusama,316.6482266285515
2021-09-02,Kusama,317.11703159801397
2021-09-03,Kusama,317.0811872119947
2021-09-04,Kusama,316.6197880163682
2021-09-05,Kusama,316.8376838261776
2021-09-06,Kusama,316.90975027284895
2021-09-07,Kusama,316.80205793125646
2021-09-08,Kusama,316.7462497686629
2021-09-09,Kusama,316.87028997184495
2021-09-10,Kusama,316.835711863684
2021-09-11,Kusama,316.80351892924773
2021-09-12,Kusama,316.81929383661037
2021-09-13,Kusama,316.8476902559179
2021-09-14,Kusama,316.8175588643823
2021-09-15,Kusama,316.81982490292916
2021-09-16,Kusama,316.8292928040697
2021-09-17,Kusama,316.82967879549597
2021-09-18,Kusama,316.8197256805135
2021-09-19,Kusama,316.826163761945
2021-09-20,Kusama,316.8271747845955
2021-09-21,Kusama,316.82511003740547
2021-09-22,Kusama,316.82371804654053
2021-09-23,Kusama,316.8266395432273
2021-08-25,Leo,3.016511831885492
2021-08-26,Leo,3.016760157793406
2021-08-27,Leo,3.0107620939400435
2021-08-28,Leo,3.018937943777069
2021-08-29,Leo,3.0237838177257927
2021-08-30,Leo,3.0235003535692737
2021-08-31,Leo,3.0221437890564373
2021-09-01,Leo,3.0217178238618385
2021-09-02,Leo,3.024087774654754
2021-09-03,Leo,3.024898404435558
2021-09-04,Leo,3.0245463884231008
2021-09-05,Leo,3.0240655199303474
2021-09-06,Leo,3.0242704782133276
2021-09-07,Leo,3.0248715722915374
2021-09-08,Leo,3.024957499962872
2021-09-09,Leo,3.02478545296876
2021-09-10,Leo,3.024685767270894
2021-09-11,Leo,3.0248104099300166
2021-09-12,Leo,3.024945621782784
2021-09-13,Leo,3.0249309859710647
2021-09-14,Leo,3.0248724740326676
2021-09-15,Leo,3.024864444175246
2021-09-16,Leo,3.024910002846275
2021-09-17,Leo,3.0249353598176594
2021-09-18,Leo,3.02492172323133
2021-09-19,Leo,3.024906289134445
2021-09-20,Leo,3.024910462595851
2021-09-21,Leo,3.024923836138168
2021-09-22,Leo,3.0249268914008693
2021-09-23,Leo,3.024921203542391
2021-08-25,Litecoin,184.03488518525248
2021-08-26,Litecoin,184.73409171429742
2021-08-27,Litecoin,184.63911113834791
2021-08-28,Litecoin,184.35913169164124
2021-08-29,Litecoin,184.41460620370339
2021-08-30,Litecoin,184.48020652768972
2021-08-31,Litecoin,184.45012527678003
2021-09-01,Litecoin,184.42789460335825
2021-09-02,Litecoin,184.44033999389663
2021-09-03,Litecoin,184.44442666322234
2021-09-04,Litecoin,184.43977491847255
2021-09-05,Litecoin,184.43867441070904
2021-09-06,Litecoin,184.4403683663763
2021-09-07,Litecoin,184.4403686889344
2021-09-08,Litecoin,184.4398325671651
2021-09-09,Litecoin,184.43987001476054
2021-09-10,Litecoin,184.44004715997644
2021-09-11,Litecoin,184.43999893619437
2021-09-12,Litecoin,184.43995093939893
2021-09-13,Litecoin,184.43996979753032
2021-09-14,Litecoin,184.43998398262926
2021-09-15,Litecoin,184.43997473926248
2021-09-16,Litecoin,184.4399718222
2021-09-17,Litecoin,184.4399748835128
2021-09-18,Litecoin,184.43997555892506
2021-09-19,Litecoin,184.43997435088215
2021-09-20,Litecoin,184.43997435124487
2021-09-21,Litecoin,184.43997470736576
2021-09-22,Litecoin,184.43997467585848
2021-09-23,Litecoin,184.4399745517485
2021-08-25,Maker,3827.3853304078066
2021-08-26,Maker,3830.503869768198
2021-08-27,Maker,3833.2156396145083
2021-08-28,Maker,3825.418806415863
2021-08-29,Maker,3832.559254387726
2021-08-30,Maker,3831.4894370208794
2021-08-31,Maker,3830.577628242886
2021-09-01,Maker,3831.0656601932806
2021-09-02,Maker,3831.6068878134765
2021-09-03,Maker,3830.6522119713054
2021-09-04,Maker,3831.0357040595954
2021-09-05,Maker,3831.103260264058
2021-09-06,Maker,3830.9570531988834
2021-09-07,Maker,3830.9731430679635
2021-09-08,Maker,3831.073861158239
2021-09-09,Maker,3830.9965253534133
2021-09-10,Maker,3831.007807246016
2021-09-11,Maker,3831.029056811648
2021-09-12,Maker,3831.0152699575406
2021-09-13,Maker,3831.009193061216
2021-09-14,Maker,3831.0206380226596
2021-09-15,Maker,3831.0156500215294
2021-09-16,Maker,3831.014075340914
2021-09-17,Maker,3831.01691236987
2021-09-18,Maker,3831.016413911317
2021-09-19,Maker,3831.015193767238
2021-09-20,Maker,3831.0162447935036
2021-09-21,Maker,3831.016118315966
2021-09-22,Maker,3831.015743388223
2021-09-23,Maker,3831.0159791491874
2021-08-25,Monero,318.3815903574926
2021-08-26,Monero,317.5847983214287
2021-08-27,Monero,316.4338255113076
2021-08-28,Monero,316.0151805956363
2021-08-29,Monero,316.0503827699655
2021-08-30,Monero,316.15045491628774
2021-08-31,Monero,316.2134585740037
2021-09-01,Monero,316.27179325834874
2021-09-02,Monero,316.28021591402205
2021-09-03,Monero,316.2744716268928
2021-09-04,Monero,316.2676464705575
2021-09-05,Monero,316.2638749915201
2021-09-06,Monero,316.26140458480813
2021-09-07,Monero,316.2616530472068
2021-09-08,Monero,316.26209233346816
2021-09-09,Monero,316.26252052804944
2021-09-10,Monero,316.26269926053726
2021-09-11,Monero,316.26278389991927
2021-09-12,Monero,316.26273890146035
2021-09-13,Monero,316.26271219481
2021-09-14,Monero,316.2626876423382
2021-09-15,Monero,316.26268149112155
2021-09-16,Monero,316.26267954155645
2021-09-17,Monero,316.2626832784594
2021-09-18,Monero,316.26268465323534
2021-09-19,Monero,316.26268594220824
2021-09-20,Monero,316.2626860035335
2021-09-21,Monero,316.26268599565975
2021-09-22,Monero,316.26268574423773
2021-09-23,Monero,316.2626856871188
2021-07-25,Neo,29.916043670819192
2021-07-26,Neo,29.939906779787773
2021-07-27,Neo,29.96467689814848
2021-07-28,Neo,30.038165641549757
2021-07-29,Neo,30.11849773845841
2021-07-30,Neo,30.05442895248487
2021-07-31,Neo,30.04489252032119
2021-08-01,Neo,30.043630778363383
2021-08-02,Neo,30.055325115809357
2021-08-03,Neo,30.064581265536354
2021-08-04,Neo,30.057290029138347
2021-08-05,Neo,30.054918729476224
2021-08-06,Neo,30.05442173078061
2021-08-07,Neo,30.05621663277044
2021-08-08,Neo,30.057415048615216
2021-08-09,Neo,30.05660432330976
2021-08-10,Neo,30.05616697952152
2021-08-11,Neo,30.05606195577224
2021-08-12,Neo,30.056322606048145
2021-08-13,Neo,30.056489056897995
2021-08-14,Neo,30.05640048953725
2021-08-15,Neo,30.05632805513568
2021-08-16,Neo,30.056308438191806
2021-08-17,Neo,30.0563447860398
2021-08-18,Neo,30.056368875931888
2021-08-19,Neo,30.056359512058453
2021-08-20,Neo,30.05634820341202
2021-08-21,Neo,30.056344728936047
2021-08-22,Neo,30.05634964621493
2021-08-23,Neo,30.056353204791478
2021-08-25,Pancakeswap,24.602962150741043
2021-08-26,Pancakeswap,24.99387576219466
2021-08-27,Pancakeswap,24.988665911293925
2021-08-28,Pancakeswap,24.686961247675956
2021-08-29,Pancakeswap,24.875528320996406
2021-08-30,Pancakeswap,24.86288009514691
2021-08-31,Pancakeswap,24.764789416839875
2021-09-01,Pancakeswap,24.790531449875317
2021-09-02,Pancakeswap,24.839234218819264
2021-09-03,Pancakeswap,24.782977565818893
2021-09-04,Pancakeswap,24.796828445549114
2021-09-05,Pancakeswap,24.81568399404487
2021-09-06,Pancakeswap,24.80341774002234
2021-09-07,Pancakeswap,24.797305374694577
2021-09-08,Pancakeswap,24.81105553650485
2021-09-09,Pancakeswap,24.804990661263933
2021-09-10,Pancakeswap,24.802268679782365
2021-09-11,Pancakeswap,24.806128419011372
2021-09-12,Pancakeswap,24.806220788687835
2021-09-13,Pancakeswap,24.803320845893225
2021-09-14,Pancakeswap,24.805332030214693
2021-09-15,Pancakeswap,24.805455596725785
2021-09-16,Pancakeswap,24.80448765576012
2021-09-17,Pancakeswap,24.80477949018627
2021-09-18,Pancakeswap,24.805298607194537
2021-09-19,Pancakeswap,24.804736468859616
2021-09-20,Pancakeswap,24.80484379726063
2021-09-21,Pancakeswap,24.80504432651997
2021-09-22,Pancakeswap,24.804913039761633
2021-09-23,Pancakeswap,24.804843669312223
2021-08-25,Polkadot,27.220968281152782
2021-08-26,Polkadot,27.270827244515335
2021-08-27,Polkadot,27.286014698190858
2021-08-28,Polkadot,27.19590210196171
2021-08-29,Polkadot,27.25828843180729
2021-08-30,Polkadot,27.323638105285298
2021-08-31,Polkadot,27.3101259094621
2021-09-01,Polkadot,27.308962487834076
2021-09-02,Polkadot,27.335710468593486
2021-09-03,Polkadot,27.324304621282636
2021-09-04,Polkadot,27.31189361377392
2021-09-05,Polkadot,27.315950027981287
2021-09-06,Polkadot,27.316463136479786
2021-09-07,Polkadot,27.309387042783047
2021-09-08,Polkadot,27.311703119343175
2021-09-09,Polkadot,27.314007353394672
2021-09-10,Polkadot,27.3128606118885
2021-09-11,Polkadot,27.312569897837275
2021-09-12,Polkadot,27.314349147887878
2021-09-13,Polkadot,27.313804218202876
2021-09-14,Polkadot,27.313385866656457
2021-09-15,Polkadot,27.313679843058097
2021-09-16,Polkadot,27.313803962294674
2021-09-17,Polkadot,27.313362988631223
2021-09-18,Polkadot,27.313508784443037
2021-09-19,Polkadot,27.31358076132352
2021-09-20,Polkadot,27.313513358654216
2021-09-21,Polkadot,27.31346832402925
2021-09-22,Polkadot,27.313578711807054
2021-09-23,Polkadot,27.313536561091595
2021-08-25,Polygon,1.5628568064226824
2021-08-26,Polygon,1.5506437925126868
2021-08-27,Polygon,1.5415859265325924
2021-08-28,Polygon,1.548400272500849
2021-08-29,Polygon,1.560963982874035
2021-08-30,Polygon,1.5697803647648856
2021-08-31,Polygon,1.573186090332578
2021-09-01,Polygon,1.5741800367890484
2021-09-02,Polygon,1.5700541379952835
2021-09-03,Polygon,1.5656592716870112
2021-09-04,Polygon,1.5629486525175866
2021-09-05,Polygon,1.5623379768467547
2021-09-06,Polygon,1.5627716395229365
2021-09-07,Polygon,1.5646346971139309
2021-09-08,Polygon,1.5660598964751837
2021-09-09,Polygon,1.5668057267057995
2021-09-10,Polygon,1.566749268226346
2021-09-11,Polygon,1.5663531814378862
2021-09-12,Polygon,1.5656231386472752
2021-09-13,Polygon,1.5652026100240224
2021-09-14,Polygon,1.5650366263209843
2021-09-15,Polygon,1.5651611901892732
2021-09-16,Polygon,1.5653656460711578
2021-09-17,Polygon,1.5656246945544923
2021-09-18,Polygon,1.5657317723888142
2021-09-19,Polygon,1.5657505092029091
2021-09-20,Polygon,1.5656713430409683
2021-09-21,Polygon,1.5655858674259733
2021-09-22,Polygon,1.5655018030900905
2021-09-23,Polygon,1.5654820970851548
2021-08-25,Shiba_Inu,7.959591077293457e-06
2021-08-26,Shiba_Inu,7.965036058873217e-06
2021-08-27,Shiba_Inu,7.942547932377216e-06
2021-08-28,Shiba_Inu,7.930086188532579e-06
2021-08-29,Shiba_Inu,7.911857084637403e-06
2021-08-30,Shiba_Inu,7.91943414012374e-06
2021-08-31,Shiba_Inu,7.913714940311407e-06
2021-09-01,Shiba_Inu,7.915541958036879e-06
2021-09-02,Shiba_Inu,7.909960498883522e-06
2021-09-03,Shiba_Inu,7.91371133883278e-06
2021-09-04,Shiba_Inu,7.91107720484264e-06
2021-09-05,Shiba_Inu,7.913082925574766e-06
2021-09-06,Shiba_Inu,7.91078525836024e-06
2021-09-07,Shiba_Inu,7.912577047842835e-06
2021-09-08,Shiba_Inu,7.911200155891657e-06
2021-09-09,Shiba_Inu,7.912364071743115e-06
2021-09-10,Shiba_Inu,7.911287347310303e-06
2021-09-11,Shiba_Inu,7.912168330148871e-06
2021-09-12,Shiba_Inu,7.911452593704413e-06
2021-09-13,Shiba_Inu,7.912062434498167e-06
2021-09-14,Shiba_Inu,7.911532851015504e-06
2021-09-15,Shiba_Inu,7.911973935014545e-06
2021-09-16,Shiba_Inu,7.91160692847859e-06
2021-09-17,Shiba_Inu,7.91191841111248e-06
2021-09-18,Shiba_Inu,7.91165325736541e-06
2021-09-19,Shiba_Inu,7.911875718218141e-06
2021-09-20,Shiba_Inu,7.911688951762938e-06
2021-09-21,Shiba_Inu,7.91184694942096e-06
2021-09-22,Shiba_Inu,7.911713305486213e-06
2021-09-23,Shiba_Inu,7.911825778283207e-06
2021-08-25,Solana,76.45906424706178
2021-08-26,Solana,77.89948755573288
2021-08-27,Solana,78.18999880765632
2021-08-28,Solana,77.98953579703951
2021-08-29,Solana,77.77431409166994
2021-08-30,Solana,78.1922434604351
2021-08-31,Solana,77.89418050296611
2021-09-01,Solana,77.90835910827754
2021-09-02,Solana,77.93736769129671
2021-09-03,Solana,77.96143458175315
2021-09-04,Solana,77.87589531507717
2021-09-05,Solana,77.94073576938685
2021-09-06,Solana,77.92308432139703
2021-09-07,Solana,77.92000646622179
2021-09-08,Solana,77.91609651197913
2021-09-09,Solana,77.93199042575576
2021-09-10,Solana,77.91755466808144
2021-09-11,Solana,77.92362682208606
2021-09-12,Solana,77.92313825532658
2021-09-13,Solana,77.92396507928477
2021-09-14,Solana,77.92103484964093
2021-09-15,Solana,77.92417371925066
2021-09-16,Solana,77.92249255709385
2021-09-17,Solana,77.92289725671935
2021-09-18,Solana,77.92267539593077
2021-09-19,Solana,77.92323167344031
2021-09-20,Solana,77.92256660565775
2021-09-21,Solana,77.92299216829377
2021-09-22,Solana,77.92283858012209
2021-09-23,Solana,77.9229062371541
2021-08-25,Stellar,0.37445564160032924
2021-08-26,Stellar,0.37348841331414695
2021-08-27,Stellar,0.3732602246806076
2021-08-28,Stellar,0.37389320824105454
2021-08-29,Stellar,0.3733586025393682
2021-08-30,Stellar,0.37356604318078995
2021-08-31,Stellar,0.37350686833711805
2021-09-01,Stellar,0.3734669007510056
2021-09-02,Stellar,0.37352772517034977
2021-09-03,Stellar,0.37348322985153826
2021-09-04,Stellar,0.37350080179985023
2021-09-05,Stellar,0.37349801401809013
2021-09-06,Stellar,0.3734931018465464
2021-09-07,Stellar,0.37349881778533645
2021-09-08,Stellar,0.37349507198987664
2021-09-09,Stellar,0.37349645393396785
2021-09-10,Stellar,0.3734964200156664
2021-09-11,Stellar,0.3734958823663703
2021-09-12,Stellar,0.3734964095565607
2021-09-13,Stellar,0.3734960964254421
2021-09-14,Stellar,0.373496197987663
2021-09-15,Stellar,0.3734962131405488
2021-09-16,Stellar,0.3734961576736518
2021-09-17,Stellar,0.3734962054272006
2021-09-18,Stellar,0.3734961796761263
2021-09-19,Stellar,0.37349618653789113
2021-09-20,Stellar,0.37349618941351664
2021-09-21,Stellar,0.3734961839076053
2021-09-22,Stellar,0.37349618815622015
2021-09-23,Stellar,0.37349618608575763
2021-08-25,Tether,1.0003239227535334
2021-08-26,Tether,1.0003552205106043
2021-08-27,Tether,1.0003752660869303
2021-08-28,Tether,1.0003668986650673
2021-08-29,Tether,1.0003587674690286
2021-08-30,Tether,1.00035582725591
2021-08-31,Tether,1.0003563766723045
2021-09-01,Tether,1.0003583855844342
2021-09-02,Tether,1.0003591958063025
2021-09-03,Tether,1.0003590287819788
2021-09-04,Tether,1.0003586554960104
2021-09-05,Tether,1.000358444614024
2021-09-06,Tether,1.0003584624184538
2021-09-07,Tether,1.0003585480216708
2021-09-08,Tether,1.000358594521291
2021-09-09,Tether,1.0003585948297409
2021-09-10,Tether,1.0003585770600114
2021-09-11,Tether,1.000358565766766
2021-09-12,Tether,1.0003585651515272
2021-09-13,Tether,1.0003585687836003
2021-09-14,Tether,1.0003585713861995
2021-09-15,Tether,1.0003585717089196
2021-09-16,Tether,1.000358570956388
2021-09-17,Tether,1.0003585703633795
2021-09-18,Tether,1.0003585702566522
2021-09-19,Tether,1.000358570406311
2021-09-20,Tether,1.0003585705414233
2021-09-21,Tether,1.0003585705726268
2021-09-22,Tether,1.0003585705432696
2021-09-23,Tether,1.0003585705130247
2021-08-25,Tezos,4.2310712362358585
2021-08-26,Tezos,4.243958328949287
2021-08-27,Tezos,4.270589441355219
2021-08-28,Tezos,4.2345038605441205
2021-08-29,Tezos,4.24025365919341
2021-08-30,Tezos,4.241865288681241
2021-08-31,Tezos,4.242546207524399
2021-09-01,Tezos,4.238574699731845
2021-09-02,Tezos,4.241320236973211
2021-09-03,Tezos,4.2409508647537635
2021-09-04,Tezos,4.24087504757132
2021-09-05,Tezos,4.240594578847028
2021-09-06,Tezos,4.241025088639752
2021-09-07,Tezos,4.240814534192834
2021-09-08,Tezos,4.240839137052207
2021-09-09,Tezos,4.240827842276378
2021-09-10,Tezos,4.240872127120889
2021-09-11,Tezos,4.2408304086234265
2021-09-12,Tezos,4.2408465634026395
2021-09-13,Tezos,4.240843974111313
2021-09-14,Tezos,4.240847350205682
2021-09-15,Tezos,4.240841892411008
2021-09-16,Tezos,4.2408457071570735
2021-09-17,Tezos,4.240844415095581
2021-09-18,Tezos,4.240844807140648
2021-09-19,Tezos,4.240844256250528
2021-09-20,Tezos,4.240844852771273
2021-09-21,Tezos,4.240844513045486
2021-09-22,Tezos,4.24084462779276
2021-09-23,Tezos,4.240844567492868
2021-08-25,Theta,7.656237020006514
2021-08-26,Theta,7.625418020618635
2021-08-27,Theta,7.666134055670671
2021-08-28,Theta,7.650639004350912
2021-08-29,Theta,7.655733442159208
2021-08-30,Theta,7.6516108257274364
2021-08-31,Theta,7.654796051483698
2021-09-01,Theta,7.653574590290666
2021-09-02,Theta,7.654144788756976
2021-09-03,Theta,7.653725829509671
2021-09-04,Theta,7.653979464168073
2021-09-05,Theta,7.653872405431915
2021-09-06,Theta,7.6539314950226185
2021-09-07,Theta,7.653892784305243
2021-09-08,Theta,7.65391379578441
2021-09-09,Theta,7.653903906182066
2021-09-10,Theta,7.653909662931977
2021-09-11,Theta,7.653906205324649
2021-09-12,Theta,7.653908017448802
2021-09-13,Theta,7.6539070917856415
2021-09-14,Theta,7.653907631151466
2021-09-15,Theta,7.6539073244353855
2021-09-16,Theta,7.653907485369419
2021-09-17,Theta,7.653907399108867
2021-09-18,Theta,7.653907448565426
2021-09-19,Theta,7.653907421243912
2021-09-20,Theta,7.653907435775012
2021-09-21,Theta,7.653907427807265
2021-09-22,Theta,7.653907432296568
2021-09-23,Theta,7.653907429846046
2021-08-25,Tron,0.09039022568763243
2021-08-26,Tron,0.09052202508407348
2021-08-27,Tron,0.09026986422659786
2021-08-28,Tron,0.09041226110128585
2021-08-29,Tron,0.09025705286012103
2021-08-30,Tron,0.09023809634167153
2021-08-31,Tron,0.09027115509446028
2021-09-01,Tron,0.09022752534390774
2021-09-02,Tron,0.0902590486102753
2021-09-03,Tron,0.09025746589832342
2021-09-04,Tron,0.09025262465455208
2021-09-05,Tron,0.09026307609654496
2021-09-06,Tron,0.09025638664164794
2021-09-07,Tron,0.09025808243463113
2021-09-08,Tron,0.09025880510813128
2021-09-09,Tron,0.09025660948158525
2021-09-10,Tron,0.09025811197728698
2021-09-11,Tron,0.09025749029122955
2021-09-12,Tron,0.09025741370779015
2021-09-13,Tron,0.09025783963554596
2021-09-14,Tron,0.09025749476602028
2021-09-15,Tron,0.09025767355397828
2021-09-16,Tron,0.09025766698581378
2021-09-17,Tron,0.09025758916309051
2021-09-18,Tron,0.09025766728866762
2021-09-19,Tron,0.09025762092643141
2021-09-20,Tron,0.09025762852961201
2021-09-21,Tron,0.09025764181724555
2021-09-22,Tron,0.09025762467384656
2021-09-23,Tron,0.0902576360654246
2021-08-25,Uniswap,28.23611895993011
2021-08-26,Uniswap,28.355883801691842
2021-08-27,Uniswap,28.33391160314221
2021-08-28,Uniswap,28.255395795135538
2021-08-29,Uniswap,28.322903048207316
2021-08-30,Uniswap,28.350891895048377
2021-08-31,Uniswap,28.33004413956357
2021-09-01,Uniswap,28.331211456243448
2021-09-02,Uniswap,28.34827538664953
2021-09-03,Uniswap,28.335497622463013
2021-09-04,Uniswap,28.331169975437565
2021-09-05,Uniswap,28.334380199447505
2021-09-06,Uniswap,28.33502994066941
2021-09-07,Uniswap,28.331179050363886
2021-09-08,Uniswap,28.333809750520686
2021-09-09,Uniswap,28.334294287642777
2021-09-10,Uniswap,28.333960398323804
2021-09-11,Uniswap,28.333566805250378
2021-09-12,Uniswap,28.33449290199551
2021-09-13,Uniswap,28.333882631081906
2021-09-14,Uniswap,28.333909645977947
2021-09-15,Uniswap,28.333874018115697
2021-09-16,Uniswap,28.334037185833214
2021-09-17,Uniswap,28.333795038040872
2021-09-18,Uniswap,28.333957026997968
2021-09-19,Uniswap,28.33390943135489
2021-09-20,Uniswap,28.333951481832532
2021-09-21,Uniswap,28.333890472497114
2021-09-22,Uniswap,28.333959682236827
2021-09-23,Uniswap,28.333911307286627
2021-08-25,Usd_Coin,0.9997205148463197
2021-08-26,Usd_Coin,0.9996675608939944
2021-08-27,Usd_Coin,0.9995740061915966
2021-08-28,Usd_Coin,0.9995897543150319
2021-08-29,Usd_Coin,0.9996459695273892
2021-08-30,Usd_Coin,0.9996453360671221
2021-08-31,Usd_Coin,0.9996537007039099
2021-09-01,Usd_Coin,0.9996424370226537
2021-09-02,Usd_Coin,0.9996297010765202
2021-09-03,Usd_Coin,0.9996293627194516
2021-09-04,Usd_Coin,0.9996356403624389
2021-09-05,Usd_Coin,0.9996374838253086
2021-09-06,Usd_Coin,0.9996394109437208
2021-09-07,Usd_Coin,0.999637797360134
2021-09-08,Usd_Coin,0.9996359814631602
2021-09-09,Usd_Coin,0.9996355017018367
2021-09-10,Usd_Coin,0.9996361499560061
2021-09-11,Usd_Coin,0.9996365918308043
2021-09-12,Usd_Coin,0.9996369841175894
2021-09-13,Usd_Coin,0.9996368090811913
2021-09-14,Usd_Coin,0.9996365531379998
2021-09-15,Usd_Coin,0.9996364220479307
2021-09-16,Usd_Coin,0.9996364738997014
2021-09-17,Usd_Coin,0.9996365487785008
2021-09-18,Usd_Coin,0.9996366218255556
2021-09-19,Usd_Coin,0.9996366107878499
2021-09-20,Usd_Coin,0.9996365768601109
2021-09-21,Usd_Coin,0.9996365500602343
2021-09-22,Usd_Coin,0.9996365506659173
2021-09-23,Usd_Coin,0.9996365610659896
2021-08-25,Vechain,0.13282938723145085
2021-08-26,Vechain,0.1331761004310464
2021-08-27,Vechain,0.1333148199610891
2021-08-28,Vechain,0.13324863418200317
2021-08-29,Vechain,0.13322029285099274
2021-08-30,Vechain,0.13324162912710438
2021-08-31,Vechain,0.13323060669637296
2021-09-01,Vechain,0.1332240823099735
2021-09-02,Vechain,0.13322615188008752
2021-09-03,Vechain,0.13322693840127584
2021-09-04,Vechain,0.133225696966248
2021-09-05,Vechain,0.13322600006560795
2021-09-06,Vechain,0.13322625366208551
2021-09-07,Vechain,0.1332261583597393
2021-09-08,Vechain,0.13322612049345872
2021-09-09,Vechain,0.13322617768523956
2021-09-10,Vechain,0.13322616864192732
2021-09-11,Vechain,0.1332261581746873
2021-09-12,Vechain,0.13322616260512188
2021-09-13,Vechain,0.13322616464382975
2021-09-14,Vechain,0.1332261621977242
2021-09-15,Vechain,0.13322616250063057
2021-09-16,Vechain,0.13322616296806114
2021-09-17,Vechain,0.13322616277702307
2021-09-18,Vechain,0.13322616267378604
2021-09-19,Vechain,0.13322616277730032
2021-09-20,Vechain,0.13322616276707236
2021-09-21,Vechain,0.1332261627456042
2021-09-22,Vechain,0.13322616275342603
2021-09-23,Vechain,0.13322616275839683
2021-08-25,Waves,25.38058850295204
2021-08-26,Waves,25.464162822804226
2021-08-27,Waves,25.348835146980452
2021-08-28,Waves,25.264273292211474
2021-08-29,Waves,25.339610413156954
2021-08-30,Waves,25.33242024905257
2021-08-31,Waves,25.309766940433427
2021-09-01,Waves,25.311091073020794
2021-09-02,Waves,25.327534036625327
2021-09-03,Waves,25.31855634895855
2021-09-04,Waves,25.317171321566306
2021-09-05,Waves,25.319531937797976
2021-09-06,Waves,25.321237279563846
2021-09-07,Waves,25.31854756259772
2021-09-08,Waves,25.319404370311172
2021-09-09,Waves,25.31975507407816
2021-09-10,Waves,25.31971988247767
2021-09-11,Waves,25.319244002264465
2021-09-12,Waves,25.31962715677878
2021-09-13,Waves,25.31956299687687
2021-09-14,Waves,25.3195313319647
2021-09-15,Waves,25.319479652181993
2021-09-16,Waves,25.319572855212932
2021-09-17,Waves,25.31952335439865
2021-09-18,Waves,25.319529013133053
2021-09-19,Waves,25.31952528492234
2021-09-20,Waves,25.319541467904035
2021-09-21,Waves,25.31952583338848
2021-09-22,Waves,25.31953217306262
2021-09-23,Waves,25.319530746802325
2021-08-25,Wbtc,49142.90653102243
2021-08-26,Wbtc,49153.23114614029
2021-08-27,Wbtc,49131.45521214614
2021-08-28,Wbtc,49114.18190273347
2021-08-29,Wbtc,49122.46270018855
2021-08-30,Wbtc,49120.938726591085
2021-08-31,Wbtc,49120.022367096746
2021-09-01,Wbtc,49120.350647622974
2021-09-02,Wbtc,49120.969937475
2021-09-03,Wbtc,49120.63257955834
2021-09-04,Wbtc,49120.73332311276
2021-09-05,Wbtc,49120.76121016573
2021-09-06,Wbtc,49120.765346229695
2021-09-07,Wbtc,49120.742344162594
2021-09-08,Wbtc,49120.758360233325
2021-09-09,Wbtc,49120.7535835586
2021-09-10,Wbtc,49120.753625041594
2021-09-11,Wbtc,49120.75298245047
2021-09-12,Wbtc,49120.75403040318
2021-09-13,Wbtc,49120.7532895865
2021-09-14,Wbtc,49120.753538014746
2021-09-15,Wbtc,49120.75347997063
2021-09-16,Wbtc,49120.7535279995
2021-09-17,Wbtc,49120.75347521493
2021-09-18,Wbtc,49120.75350993614
2021-09-19,Wbtc,49120.753496138444
2021-09-20,Wbtc,49120.75350106845
2021-09-21,Wbtc,49120.753497858626
2021-09-22,Wbtc,49120.75350059863
2021-09-23,Wbtc,49120.75349889207
2021-08-25,Xpr,1.2493481305516088
2021-08-26,Xpr,1.2472200343767712
2021-08-27,Xpr,1.2487707262490515
2021-08-28,Xpr,1.250389343165291
2021-08-29,Xpr,1.2505287284099906
2021-08-30,Xpr,1.2505817173704254
2021-08-31,Xpr,1.250558833875358
2021-09-01,Xpr,1.2507413588997223
2021-09-02,Xpr,1.2508687743933573
2021-09-03,Xpr,1.2508824853098957
2021-09-04,Xpr,1.2508943047713916
2021-09-05,Xpr,1.2509055063924348
2021-09-06,Xpr,1.250924580132549
2021-09-07,Xpr,1.2509351796196297
2021-09-08,Xpr,1.25093735659724
2021-09-09,Xpr,1.2509395719940817
2021-09-10,Xpr,1.250941630367223
2021-09-11,Xpr,1.2509435647574763
2021-09-12,Xpr,1.2509445511763577
2021-09-13,Xpr,1.2509449080894128
2021-09-14,Xpr,1.2509452437953303
2021-09-15,Xpr,1.2509455179340532
2021-09-16,Xpr,1.250945717913918
2021-09-17,Xpr,1.2509458220936922
2021-09-18,Xpr,1.2509458754543001
2021-09-19,Xpr,1.2509459205176636
2021-09-20,Xpr,1.250945953634932
2021-09-21,Xpr,1.250945975222753
2021-09-22,Xpr,1.2509459872862674
2021-09-23,Xpr,1.2509459946337196
